text,label
'email',key_error
'timeout',key_error
'value',key_error
'language',key_error
'body',key_error
'missing_key',key_error
'Authorization',key_error
'limit',key_error
'timestamp',key_error
'session_token',key_error
'quiet',key_error
'build',key_error
list index out of range,index_error
list index out of range,index_error
list index out of range,index_error
unsupported operand type(s) for +: 'int' and 'str',type_error
"can only concatenate str (not ""int"") to str",type_error
"can only concatenate list (not ""str"") to list",type_error
unsupported operand type(s) for +: 'NoneType' and 'int',type_error
object of type 'int' has no len(),type_error
unsupported operand type(s) for +: 'dict' and 'dict',type_error
unsupported operand type(s) for /: 'int' and 'str',type_error
"can only concatenate list (not ""int"") to list",type_error
'str' object is not callable,type_error
'int' object is not subscriptable,type_error
unsupported operand type(s) for +: 'bool' and 'str',type_error
'NoneType' object has no attribute 'upper',none_type_error
'NoneType' object is not subscriptable,none_type_error
object of type 'NoneType' has no len(),none_type_error
'NoneType' object has no attribute 'name',none_type_error
'NoneType' object is not subscriptable,none_type_error
unsupported operand type(s) for +: 'NoneType' and 'int',none_type_error
'NoneType' object has no attribute 'method',none_type_error
'NoneType' object is not subscriptable,none_type_error
'NoneType' object has no attribute 'get',none_type_error
unsupported operand type(s) for *: 'NoneType' and 'int',none_type_error
'NoneType' object has no attribute 'id',none_type_error
'NoneType' object has no attribute 'append',none_type_error
expected ':',syntax_error
invalid syntax,syntax_error
expected ':',syntax_error
'(' was never closed,syntax_error
'(' was never closed,syntax_error
expected ':',syntax_error
expected an indented block after function definition on line 1,syntax_error
expected an indented block after 'if' statement on line 1,syntax_error
'[' was never closed,syntax_error
invalid syntax,syntax_error
'int' object has no attribute 'append',attribute_error
'str' object has no attribute 'push',attribute_error
'list' object has no attribute 'get',attribute_error
'int' object has no attribute 'upper',attribute_error
'dict' object has no attribute 'append',attribute_error
'float' object has no attribute 'split',attribute_error
'bool' object has no attribute 'lower',attribute_error
'str' object has no attribute 'add',attribute_error
'list' object has no attribute 'keys',attribute_error
'int' object has no attribute 'strip',attribute_error
'object' object has no attribute 'missing_method',attribute_error
'tuple' object has no attribute 'append',attribute_error
No module named 'nonexistent_module',module_not_found
No module named 'fake_package_xyz',module_not_found
No module named 'missing_lib',module_not_found
No module named 'banana_framework',module_not_found
No module named 'ghost_package',module_not_found
[Errno 2] No such file or directory: 'missing_file.txt',file_not_found
[Errno 2] No such file or directory: 'does_not_exist.csv',file_not_found
[Errno 2] No such file or directory: '[REDACTED_PATH]',file_not_found
[Errno 2] No such file or directory: 'no_such_report.pdf',file_not_found
[Errno 2] No such file or directory: 'phantom_script.py',file_not_found
invalid literal for int() with base 10: 'abc',value_error
invalid literal for int() with base 10: 'twelve',value_error
could not convert string to float: 'not_a_number',value_error
invalid literal for int() with base 10: '',value_error
invalid literal for int() with base 10: '12a',value_error
"could not convert string to float: '1,000'",value_error
invalid literal for int() with base 10: 'hello world',value_error
could not convert string to float: '$100',value_error
invalid literal for int() with base 10: ' ',value_error
non-hexadecimal number found in fromhex() arg at position 0,value_error
"HTTPConnectionPool(host='127.0.0.1', port=1): Max retries exceeded with url: / (Caused by ConnectTimeoutError(<HTTPConnection(host='127.0.0.1', port=1) at 0x16ef9f3dad0>, 'Connection to 127.0.0.1 timed out. (connect timeout=1)'))",network_error
"HTTPConnectionPool(host='127.0.0.1', port=2): Max retries exceeded with url: / (Caused by ConnectTimeoutError(<HTTPConnection(host='127.0.0.1', port=2) at 0x192e0669d10>, 'Connection to 127.0.0.1 timed out. (connect timeout=1)'))",network_error
"HTTPConnectionPool(host='localhost', port=9999): Max retries exceeded with url: / (Caused by ConnectTimeoutError(<HTTPConnection(host='localhost', port=9999) at 0x25c35479ed0>, 'Connection to localhost timed out. (connect timeout=1)'))",network_error
"HTTPConnectionPool(host='127.0.0.1', port=3): Max retries exceeded with url: / (Caused by ConnectTimeoutError(<HTTPConnection(host='127.0.0.1', port=3) at 0x2c5f151dc90>, 'Connection to 127.0.0.1 timed out. (connect timeout=1)'))",network_error
"HTTPConnectionPool(host='192.0.2.1', port=80): Read timed out. (read timeout=1)",network_error
[Errno 13] Permission denied: 'readonly.txt',permission_error
[Errno 13] Permission denied: 'readonly.txt',permission_error
[Errno 13] Permission denied: 'readonly.txt',permission_error
This feature is not built yet,other_error
Result too large to represent,other_error
Something went wrong mathematically,other_error
Could not find the requested item,other_error
Something unexpected happened during execution,other_error
No more items to iterate,other_error
Buffer operation could not be performed,other_error
Unexpected end of input,other_error
